timeStep,repNb,resource1amountMean,resource1amountICinf,resource1amountICsup,resource2amountMean,resource2amountICinf,resource2amountICsup,prey1PopulationSizeMean,prey1PopulationSizeICinf,prey1PopulationSizeICsup,prey2PopulationSizeMean,prey2PopulationSizeICinf,prey2PopulationSizeICsup,prey1catchesMean,prey1catchesICinf,prey1catchesICsup,prey2catchesMean,prey2catchesICinf,prey2catchesICsup,predator1PopulationSizeMean,predator1PopulationSizeICinf,predator1PopulationSizeICsup,prey1growthRateMean,prey1growthRateICinf,prey1growthRateICsup,prey2growthRateMean,prey2growthRateICinf,prey2growthRateICsup,predatorGrowthRateMean,predatorGrowthRateICinf,predatorGrowthRateICsup
0,30,62500,62500,62500,62500,62500,62500,100,100,100,100,100,100,0,0,0,0,0,0,0,0,0,0,0,0,0,0,0,0,0,0
10,30,57510.8,57478.5,57540.2,57480.63333,57446.03333,57517.2,98.23333333,97.23333333,99.23333333,99.33333333,97.63333333,100.9333333,0,0,0,0,0,0,0,0,0,-1.766666667,-2.766666667,-0.833333333,-0.666666667,-2.3,1.133333333,0,0,0
20,30,57580.06667,57516.43333,57639.36667,57551.46667,57443.73333,57648.73333,140.3666667,137.3,143.3333333,141.2,138.8,143.6666667,0,0,0,0,0,0,0,0,0,42.94542059,39.78536166,45.9201731,42.33683698,39.71335795,45.03713596,0,0,0
30,30,55480.43333,55325.96667,55624.83333,55398.53333,55264.23333,55525.3,196.1,192.1,200.2,199.1666667,195.7666667,202.5,0,0,0,0,0,0,0,0,0,39.93941484,36.94534008,42.94813991,41.2598488,38.70117161,43.97902159,0,0,0
40,30,52664.33333,52429.76667,52900.7,52603.13333,52418.6,52779.5,273.7333333,267.2,280.5333333,279.2666667,273.9666667,285.1,0,0,0,0,0,0,0,0,0,39.68801234,37.48860336,42.05285851,40.35069477,37.80120599,43.15912874,0,0,0
50,30,48759,48432.73333,49060.36667,48538.86667,48261.7,48829.33333,388.9,380.3,397.3666667,393.7,386.9,399.7666667,0,0,0,0,0,0,0,0,0,42.2258103,40.10995466,44.18192834,41.12318151,39.65729994,42.59400789,0,0,0
60,30,43053.33333,42624.16667,43487.26667,42864.16667,42510.36667,43204.56667,545.9,532.9666667,557.9,557.4666667,546.6333333,568.1,0,0,0,0,0,0,0,0,0,40.44878296,38.84205899,42.1490785,41.62093635,40.10545462,43.12256616,0,0,0
70,30,35408.23333,34755.93333,36031.2,34854.43333,34295.06667,35420.9,767.9333333,751.1333333,784.2,775.5,758.9,791.3,0,0,0,0,0,0,0,0,0,40.78303348,39.07798142,42.46057227,39.10525146,37.82139564,40.37470974,0,0,0
80,30,25336.46667,24713.56667,26009.4,24983.5,24288.23333,25697.43333,1050.966667,1031.933333,1069.633333,1064.366667,1042.9,1084.2,0,0,0,0,0,0,0,0,0,36.94962444,35.86678133,37.9045721,37.33403729,36.0943173,38.49094716,0,0,0
90,30,14829.43333,14192,15445.53333,14544.06667,13823.46667,15327.46667,1361.466667,1346.233333,1377.366667,1368.566667,1350.466667,1386.066667,0,0,0,0,0,0,0,0,0,29.69943207,28.37801597,30.95953482,28.72826751,27.65212847,29.88390384,0,0,0
100,30,7100.266667,6760.2,7460.233333,7097.6,6764.4,7470.333333,1573.5,1561.6,1584.966667,1584.266667,1570.066667,1597.933333,0,0,0,0,0,0,0,0,0,15.63636809,14.78158946,16.54660061,15.87549806,14.50915733,17.22700261,0,0,0
110,30,3897.233333,3708.4,4071.4,3819.566667,3655.4,3980.433333,1653.566667,1644.933333,1662.733333,1639.3,1628.833333,1650.366667,0,0,0,0,0,0,0,0,0,5.12137679,4.32739582,5.902554933,3.547180234,2.335886155,4.795437878,0,0,0
120,30,2857.133333,2705.5,3019.133333,3042.566667,2872.766667,3219.3,1661.7,1650,1671.966667,1651.733333,1642.166667,1661.733333,0,0,0,0,0,0,0,0,0,0.51685795,-0.429786266,1.327260544,0.800394128,-0.280337236,1.752279247,0,0,0
130,30,2840.866667,2697.1,2991.7,2840.6,2678.333333,2993.6,1652.266667,1643.766667,1661.766667,1657.6,1646.933333,1667.633333,0,0,0,0,0,0,0,0,0,-0.526800752,-1.535752936,0.489857711,0.378302775,-0.358413537,1.1815913,0,0,0
140,30,2932.133333,2797.766667,3075.433333,2884.366667,2750.866667,3031.766667,1646.333333,1636.2,1654.9,1649.833333,1639.6,1658.733333,0,0,0,0,0,0,0,0,0,-0.335388154,-1.145731498,0.389438674,-0.427599494,-1.475210015,0.522454757,0,0,0
150,30,2905,2786.233333,3036.9,2805,2682.533333,2918.533333,1648.433333,1639.3,1657.666667,1643.733333,1635.5,1651.266667,0,0,0,0,0,0,0,0,0,0.160444896,-0.752537649,1.045786267,-0.341944001,-1.076928712,0.451331062,0,0,0
160,30,2813.333333,2666.633333,2962.333333,2875.4,2742.2,2984.866667,1650.633333,1641.433333,1659.033333,1648.6,1639,1657.033333,0,0,0,0,0,0,0,0,0,0.167288278,-0.858449836,1.068152529,0.318889096,-0.540871471,1.234618452,0,0,0
170,30,2822.9,2695.2,2956.366667,2982.066667,2846.333333,3127.4,1650.566667,1640.466667,1661.066667,1647.233333,1638.8,1655.466667,0,0,0,0,0,0,0,0,0,0.017825391,-0.77456846,0.762848991,-0.052270066,-0.876585898,0.724916762,0,0,0
180,30,2929.566667,2780.733333,3086.266667,2880.866667,2752.933333,3005.566667,1646.766667,1637.233333,1655.466667,1650.333333,1640.3,1658.466667,0,0,0,0,0,0,0,0,0,-0.189666695,-1.133157727,0.744818057,0.205768298,-0.489907321,0.874781365,0,0,0
190,30,2930.366667,2802.466667,3068.2,2778.533333,2632.166667,2926.033333,1644.266667,1633.566667,1654.266667,1650.9,1641.066667,1660.5,0,0,0,0,0,0,0,0,0,-0.123875202,-0.97805921,0.758811558,0.054567904,-0.646007315,0.860706696,0,0,0
200,30,2864.3,2729.033333,3018.233333,2886.166667,2781.133333,2981.966667,1650.9,1644.033333,1658.633333,1647.2,1636.366667,1657.666667,0,0,0,0,0,0,0,0,0,0.434817438,-0.36527062,1.217793684,-0.189380434,-1.171758513,0.785200026,0,0,0
210,30,3690.5,3557,3815.9,4509.5,4372.7,4639.9,1517.966667,1508.8,1526.766667,1395.533333,1384.6,1405.433333,16.53333333,15.36666667,17.76666667,30.7,29.33333333,32.16666667,138.9333333,135.3333333,142.5,-8.032937285,-8.811660757,-7.210407525,-15.24687107,-16.14775457,-14.37831127,0,0,0
220,30,5755.8,5562.966667,5937.9,9491.333333,9180.433333,9788.733333,1425.5,1413.4,1437.266667,1222.4,1210.5,1233.466667,21.5,19.96666667,23,33.7,31.9,35.5,204,198.1666667,209.7666667,-6.06522626,-6.97977501,-5.154116106,-12.37654238,-13.41216998,-11.42421383,46.92479683,43.88102954,49.87292435
230,30,7933.633333,7624.666667,8218.833333,16026.56667,15547.63333,16511.9,1321.466667,1306.933333,1334.333333,974.2333333,951.6666667,994.7333333,29.03333333,27.4,30.66666667,38.46666667,36.46666667,40.46666667,273.3666667,267.1333333,279.7666667,-7.264616508,-8.333573642,-6.246842622,-20.30147831,-21.87135248,-18.83529017,34.3342478,31.82735943,36.74273821
240,30,11604.76667,11172.46667,12049.63333,26362.26667,25459.6,27256.3,1159.933333,1140.866667,1179.6,682.9333333,659.3333333,706.5,34.76666667,32.53333333,36.76666667,36.06666667,34.06666667,38.1,306.1333333,300.4333333,311.7,-12.22719471,-13.26604749,-11.12946812,-30.01512266,-31.35733532,-28.69566279,12.26336606,9.685013852,14.53714728
250,30,16812.9,16153.76667,17459.46667,38329.96667,37404.33333,39292.43333,1003.466667,985.9,1020.366667,413.0666667,394.4333333,431.0333333,35.06666667,33.1,36.8,27.2,25.66666667,28.76666667,267.7333333,260.0333333,274.7,-13.46569667,-14.38073398,-12.62132266,-39.56500042,-40.9324299,-38.33481994,-12.28702508,-15.37802172,-9.155313936
260,30,21516.56667,20920.46667,22157.93333,47499.1,46878.53333,48081.93333,914.0333333,898.5333333,927.1333333,267.6,256.9,277.7666667,27.56666667,25.76666667,29.16666667,17.1,15.5,18.66666667,178.0666667,169.7,185.7,-8.817715391,-10.09087768,-7.517246671,-34.93872259,-36.69175949,-33.15712123,-33.58238463,-35.54400075,-31.53553857
270,30,23058.16667,22549.13333,23602.16667,51856.46667,51463.96667,52239.86667,955.3666667,939.9,971.6,221.7,212.8666667,230.8666667,19.06666667,17.43333333,20.56666667,9.133333333,7.933333333,10.2,95.83333333,89.96666667,101.0666667,4.560439909,3.276002631,5.825767806,-16.86156569,-19.38482392,-14.334695,-46.22729417,-48.08629933,-44.28462721
280,30,19925.73333,19283.5,20533.23333,52699,52274.46667,53086.46667,1118.166667,1093.333333,1142.1,231.1333333,219.9666667,241.5,12.43333333,11.13333333,13.6,4.7,3.833333333,5.6,52.46666667,48.53333333,56.23333333,17.07753324,15.3489852,18.87468757,4.427704249,1.498253149,7.440511831,-45.04099557,-48.08491574,-41.89810457
290,30,13615.3,12854.1,14372.2,51674.5,51171.76667,52197.03333,1321.1,1298.433333,1345.6,282.1333333,268.7333333,295.6,8.4,7.133333333,9.7,3.1,2.533333333,3.7,31.03333333,28.83333333,33.03333333,18.24046405,17.17155516,19.28064388,22.15661471,19.89262155,24.47145025,-39.99969235,-42.94920628,-36.94723146
300,30,8307.8,7795.166667,8834.366667,49021.23333,48395.36667,49710.86667,1499.633333,1483.2,1513.566667,360.6666667,340.6333333,379.4,6.333333333,5.266666667,7.366666667,2.233333333,1.766666667,2.766666667,25.5,23.13333333,27.83333333,13.67402705,12.36250845,14.94124587,27.80285962,25.13014298,30.21809608,-17.19525042,-23.88314805,-10.81033577
310,30,4997.433333,4712.633333,5283.7,45004.23333,43960.53333,45935.9,1594.3,1582.666667,1606.466667,473,448.5333333,495,5.066666667,4.4,5.833333333,2.166666667,1.633333333,2.666666667,26,23.23333333,28.86666667,6.368127127,5.459277289,7.451130279,31.15988379,29.57471623,32.54550391,3.316833263,-3.410991197,10.76787131
320,30,3777.433333,3578.866667,3998.466667,39673.76667,38471.63333,40910.96667,1604.033333,1593.166667,1614.7,621,587.6666667,655.2333333,5.866666667,4.9,6.833333333,3,2.233333333,3.8,27.7,24.66666667,31,0.657274999,-0.369567861,1.700623565,31.26982488,29.37380252,33.29195715,6.812925655,1.702814486,11.94080535
330,30,3627.5,3460.1,3781.666667,32834.73333,31256.66667,34334.96667,1588.9,1575.433333,1601.833333,804.4333333,758.6333333,844.5666667,5.866666667,4.8,6.933333333,4.466666667,3.6,5.3,34.13333333,30.1,39.13333333,-0.928420279,-1.663711795,-0.139890598,29.78861008,27.84373542,31.48013399,22.87973009,16.95420655,29.42091674
340,30,3799.5,3582.8,4065.733333,25102.16667,23364.16667,26885.43333,1586.433333,1574.833333,1597.133333,1013.433333,960.1666667,1064.566667,6.7,5.533333333,7.866666667,6.633333333,5.533333333,7.7,45.23333333,39.1,51.63333333,-0.127390221,-0.961230526,0.651968408,26.23058507,24.40542466,27.97606168,32.5648448,26.95033239,38.09936951
350,30,3868.866667,3631.666667,4120.066667,17906.13333,16183.2,19784.86667,1575.8,1561.9,1588.733333,1182.466667,1133.466667,1232.8,7.9,6.633333333,9.2,9.3,7.833333333,10.7,62.73333333,55,71.4,-0.652274423,-1.490431061,0.12433835,17.08663982,15.19654948,18.9764644,39.78218968,34.00086981,45.76121309
360,30,4228.2,3991,4501.266667,13139.8,11618.63333,14703.16667,1553.533333,1532.366667,1571.6,1294.166667,1242.7,1340.966667,10.66666667,8.966666667,12.46666667,14.76666667,12.73333333,16.8,89.76666667,80.03333333,99.53333333,-1.399221093,-2.489652013,-0.372858892,9.868102639,7.424573585,12.47767609,45.51813733,40.14172198,50.57069105
370,30,4699.666667,4336.866667,5136.833333,10957.86667,9571.6,12557.73333,1508.1,1486.1,1528.566667,1295.166667,1242.866667,1341.3,13.53333333,11.96666667,15.13333333,21.26666667,18.33333333,23.96666667,131.3,117.2333333,144.4333333,-2.905628416,-3.830493875,-1.978122824,0.236485519,-1.967659685,2.726778449,47.50339521,42.74325292,52.39485708
380,30,5757.3,5260.2,6271.4,12313.4,10667.36667,14114.06667,1446,1418.733333,1475.3,1178.933333,1114.166667,1232.166667,19,16.23333333,21.7,29.86666667,26.8,32.76666667,185.9666667,168.2666667,201.4666667,-4.142562781,-5.315306249,-2.879125561,-9.194829574,-11.2589663,-7.26373839,44.56490503,39.18755654,49.8299599
390,30,7574.533333,6834.166667,8286.7,17403.93333,15089.06667,19770.2,1337.466667,1303.033333,1370.8,977.8666667,903,1051.766667,27.1,24.36666667,29.83333333,33.46666667,31,36.03333333,244.5666667,227.2666667,261.3333333,-7.517869817,-8.658953049,-6.457342885,-17.75957022,-20.19986576,-15.11070828,34.23569611,29.11621377,39.14686017
400,30,10824.2,9809.733333,11811.56667,25824.06667,22731.13333,28669.56667,1210.6,1171.4,1253.233333,738.9333333,660.9666667,821.6333333,34.93333333,32.43333333,37.43333333,32.03333333,29.36666667,34.53333333,276.3333333,261.9666667,289.4,-9.578634683,-10.99814102,-8.123819084,-25.70231064,-28.46591483,-22.78656344,15.92563424,9.110269549,22.83207174
410,30,14844.13333,13491.06667,15997.76667,35590.1,32640.8,38671,1076.533333,1035.566667,1118.166667,499,434.2333333,574,34.53333333,32.63333333,36.4,30.4,27.26666667,33.93333333,259.9,243.7666667,274.9,-11.12819588,-12.53695782,-9.653703469,-33.35657884,-35.869102,-30.63898521,-4.822909506,-11.16133564,1.706884028
420,30,18940.83333,17387.4,20296.4,44056.4,41332.16667,46473.76667,985.2333333,951.2666667,1020.366667,340.8666667,296.4666667,398.3,30.03333333,27.2,32.9,18.53333333,15.43333333,21.9,193.3,171.4333333,214.3666667,-8.171228496,-10.41376708,-6.008514741,-30.88049162,-34.01947957,-27.59235578,-26.31610717,-31.77105243,-19.87698644
430,30,20658.5,19454.63333,21724.16667,49181.3,47398.5,50750.96667,1005.7,972.8333333,1041.366667,264.6,240.6333333,295.5666667,21.73333333,19.26666667,23.96666667,13,10.56666667,16,122.7666667,103.1,145.6666667,2.453583089,-0.75646489,5.569939004,-18.97681149,-23.39367261,-13.74851969,-38.56590941,-42.925281,-33.67597838
440,30,18768.63333,17419.03333,20168.8,51273.26667,50367.1,52060.6,1119.066667,1074.333333,1164.133333,256.5333333,239.8333333,274.1,15.73333333,13.53333333,18.36666667,7.133333333,5.366666667,9.2,74.9,60.03333333,91.73333333,11.35432679,8.26729056,14.15677472,0.014201226,-5.898363683,5.826613967,-39.80991323,-43.53377852,-36.37179378
450,30,14198.13333,12592.26667,15740.06667,50826.83333,49970.7,51534.66667,1292.966667,1229.133333,1345.8,293.5666667,274.5666667,315.9333333,10.1,8.533333333,11.9,4.566666667,3.6,5.633333333,44.36666667,36.36666667,53.43333333,15.67500035,13.08555997,18.05890441,15.42650635,10.09058784,20.13506421,-38.19598168,-41.98663806,-34.2309056
460,30,9315.7,7947.6,10963.26667,48613.16667,47552.7,49653.3,1448.7,1398.733333,1492.666667,363.2,335.2666667,390.8,7.033333333,6.066666667,8.133333333,3.333333333,2.533333333,4.233333333,33.03333333,28.46666667,38.56666667,12.46767909,10.6701924,14.21264693,23.17608214,19.22921741,26.65369572,-21.73139249,-28.29265717,-15.2358489
470,30,6146.433333,5192.533333,7338.766667,45043.5,43651.03333,46472.93333,1549.833333,1511.633333,1579.766667,464.9,431.0333333,501.1666667,6.166666667,5.033333333,7.233333333,2.8,1.966666667,3.733333333,29.3,25.16666667,33.83333333,7.433154128,5.495649222,9.40362322,27.97705666,25.5271665,30.19504481,-10.37623469,-16.01257454,-4.430662603
480,30,4370.866667,3814.633333,5051.366667,40249.23333,38563.66667,41981.7,1594.166667,1574.566667,1612.333333,605.0666667,555.0666667,650,5.566666667,4.566666667,6.6,3.766666667,2.633333333,5.1,31.4,26.63333333,36.93333333,3.159622634,1.451492725,5.193218228,30.27971223,27.5683304,32.74637419,10.44710133,-0.119190371,20.9666488
490,30,3736.633333,3453,4041.766667,33810.96667,31833.9,35845.8,1596.966667,1582.2,1611.833333,765.8,709.3333333,817.3666667,6.266666667,5.033333333,7.466666667,4.3,3.333333333,5.366666667,35.5,29.6,41.8,0.267230544,-1.038474626,1.536475298,27.15217623,24.95986002,29.25752966,13.51557374,5.564089879,21.77907558
500,30,3756.833333,3533.233333,3994.033333,26788.4,24671.5,29252.4,1583.7,1569.633333,1597.833333,958.2333333,890.6666667,1017.333333,6.566666667,5.233333333,8.133333333,5.966666667,4.3,7.833333333,45.8,37.86666667,54.1,-0.790181628,-1.871672807,0.192462941,26.13050502,23.09347075,28.83312186,28.3637538,22.21967841,34.9621018
510,30,3934.8,3689.6,4184.1,19815.93333,17797.93333,22278.76667,1568.233333,1554.533333,1580.5,1139.7,1077.233333,1197.333333,9.133333333,7.5,11,8.733333333,7.233333333,10.23333333,62.86666667,52.03333333,73.4,-0.951504262,-1.621912795,-0.259140029,19.89028622,16.8125605,22.84301734,37.76466839,34.10907133,41.53139201
520,30,4220.733333,3919.233333,4522.733333,14705.73333,12849.83333,16956.4,1557.3,1534.9,1579.466667,1240.533333,1178.533333,1300.566667,10.43333333,8.5,12.43333333,14.8,12.26666667,17.53333333,90.9,75.96666667,106.2333333,-0.719845859,-1.609506247,0.329937736,9.563741237,6.410826011,13.06272747,46.11855471,39.6015933,52.45690504
530,30,4720.9,4269.466667,5199.7,12586.43333,10784.7,14505.83333,1505.866667,1480.133333,1531.366667,1248.2,1180.9,1308.4,14.73333333,12.33333333,17.23333333,20.16666667,17.3,22.93333333,129.4,110.5333333,146.6,-3.307130482,-4.233286124,-2.433738217,0.825198274,-1.988054502,3.980053622,46.68073689,40.39871369,52.91254151
540,30,5912.133333,5268.333333,6595.933333,13567.16667,11437.9,15735.96667,1439.766667,1405.433333,1474.166667,1156.5,1073.733333,1237.2,18.33333333,15.5,21.3,28.26666667,24.9,31.4,179.7333333,158.7333333,198.5333333,-4.449263091,-5.343631385,-3.593022174,-7.804353927,-11.4156255,-4.29147221,42.97446311,37.36866422,48.40422134
550,30,7887,6966.566667,8807.333333,18153.46667,15275.4,21209.2,1336.366667,1291.066667,1383.533333,984.2,883.8666667,1079.5,26.13333333,23.1,29,31.8,28.56666667,34.73333333,228.9666667,207.9,247.8666667,-7.325569973,-8.434300418,-5.995185931,-16.11452527,-19.4991894,-12.52069015,33.24175353,25.48060029,40.99176218
560,30,10696.36667,9494.866667,11947.13333,25485,21860,29186.9,1222.333333,1172.233333,1276.466667,757.5333333,656.9333333,861.7333333,30.2,27.7,32.73333333,33.06666667,29.96666667,36.13333333,256.0666667,237,273.0333333,-8.668730797,-9.820538557,-7.563892062,-24.54148051,-27.81473289,-21.24390004,15.8097798,7.626851992,22.91766611
570,30,14440.7,12794.7,15870.9,34473.36667,30624.16667,38062.46667,1101.066667,1054.366667,1155,534.5333333,451.3333333,633.8,31.53333333,28.9,33.9,28.36666667,24.8,31.5,246.2333333,224.4333333,268.5333333,-9.795942016,-11.59636628,-7.851711633,-30.94169758,-33.98283123,-27.95495497,-1.936931759,-9.997722768,6.219963729
580,30,17986.2,16451.9,19191.96667,42522,38375.5,45698.7,1018.433333,979.7333333,1065.766667,381.1333333,313.8333333,464.0333333,28.73333333,26.36666667,31.4,20.03333333,16.43333333,23.8,190.6333333,165.2,214,-7.164396186,-9.76032667,-4.55857496,-27.30978438,-32.37705747,-22.13959763,-22.71507208,-31.10434931,-14.38247844
590,30,19590.93333,18237.43333,20870.06667,47655.13333,44265.83333,50005.86667,1040.333333,992.0333333,1089.033333,297.1333333,254.6333333,353.5666667,23.9,20.6,27.16666667,13.93333333,10.73333333,17.86666667,130.1,106.5333333,158.3,2.516585539,-1.226404033,5.954790769,-17.89227539,-23.49977337,-11.73563661,-34.0879521,-39.40010262,-28.05821028
600,30,17630.7,15944.1,19213.66667,50149.2,48325.73333,51553.63333,1147,1088.033333,1209.1,279.4,248.8333333,313.7666667,17.43333333,14.83333333,20.5,7.9,5.833333333,10.3,84.03333333,65.63333333,106.1333333,10.46928508,7.108570968,13.46026984,-2.010711543,-8.327096922,4.449464094,-35.55189798,-40.37784076,-30.854952
610,30,13672.96667,11859.46667,15492.6,50048.4,48710.76667,51295.5,1285.333333,1222.766667,1348.9,306,274.2333333,336.8666667,12.73333333,10.43333333,15.5,4.533333333,3.333333333,5.966666667,55.33333333,42.06666667,73.1,12.2536774,9.203340787,14.91968564,11.06992803,6.07975475,15.10186183,-32.71369247,-38.45740799,-26.55187061
620,30,10051.6,8369.766667,11837.86667,48210,46630.13333,49514.63333,1429.233333,1364.6,1482.8,371.8333333,331.5333333,411.1666667,8.566666667,6.933333333,10.4,4.3,3.066666667,5.766666667,42.83333333,35.03333333,53.16666667,11.65259021,9.060397343,14.0105289,21.88498954,16.79048646,26.04105484,-16.34694052,-23.63286481,-9.083143775
630,30,6743.866667,5270.066667,8377.366667,44837.73333,42834.6,46651.16667,1517.666667,1469,1560.466667,463.0666667,417.5,511.6666667,7.666666667,6.633333333,8.633333333,3.566666667,2.5,4.733333333,37.23333333,30.5,44.13333333,6.706006633,4.782354626,8.52600713,25.08481633,21.59048214,28.20626207,-11.2531973,-17.97057035,-4.2661925
640,30,5023.366667,4152.266667,6092.066667,40494.36667,38450.4,42568.06667,1559.4,1526.033333,1585.033333,589.7333333,533.8,644.0666667,7.7,6.5,9.033333333,4.6,3.1,6.2,37.9,30.7,46.86666667,3.177530665,1.320823838,5.311041798,28.38688858,25.43398404,31.0359898,3.948566079,-3.415922011,11.53494667
650,30,4172.333333,3701.133333,4810.666667,34661.1,32406.06667,37042.2,1584.4,1565.233333,1602.466667,739.1,682.2333333,799.9,6.966666667,5.666666667,8.3,5.9,4.433333333,7.7,42.7,34.1,52.96666667,1.864355095,0.168895062,3.75577942,26.52331863,22.84065138,29.74039468,12.9901141,5.718211328,20.25346157
660,30,3900.566667,3571.933333,4252.1,28386.16667,25880.76667,30935.23333,1586,1569.4,1600.8,902.1333333,839.9,962.3,8.333333333,6.8,10.2,7,5.166666667,8.9,53.13333333,43.16666667,66.8,0.163720116,-0.9424809,1.291101531,23.4453543,19.67870039,27.01544714,24.73462792,18.40818303,31.07747664
670,30,3913,3622.733333,4287.866667,22181.16667,19820.9,24479.3,1570.233333,1547.033333,1589.4,1056.3,996.6333333,1118.3,8.633333333,6.866666667,10.5,9.966666667,8,12.16666667,69.5,56.53333333,82.7,-0.988190184,-2.020673263,0.026407096,18.19655523,14.39581963,21.7062415,31.68978718,25.83541133,38.5117866
680,30,4369.466667,3972.133333,4804.866667,17357.1,15407.7,19587.53333,1534.566667,1506.4,1559.366667,1169.6,1101.333333,1221.9,11.43333333,9.166666667,13.53333333,14.23333333,11.63333333,17,95.33333333,79.53333333,113.7333333,-2.274156916,-3.190805788,-1.318716634,11.39416935,7.175037286,15.54316363,40.22072338,34.75927523,45.42966123
690,30,5138.166667,4594.033333,5760.266667,14704.46667,12617.43333,17137.23333,1486.7,1452.3,1517.1,1195.766667,1108.033333,1266.833333,14.26666667,11.9,16.86666667,20.5,17.63333333,23.2,131.5666667,109.5333333,151.5333333,-3.162104534,-4.042862185,-2.399310549,2.098311212,-1.92019691,6.313408364,41.50857325,35.10663627,47.03920248
700,30,6344.566667,5467.966667,7167.133333,15339.26667,12510.86667,18667.13333,1422.666667,1381.033333,1459.733333,1115.433333,1020.4,1201.066667,20.2,17.13333333,23.5,25.66666667,22.76666667,28.96666667,173.9666667,149.6666667,198.3666667,-4.387042932,-5.555313046,-3.294087079,-7.590412128,-11.47990858,-3.713661511,38.34903208,30.94950158,44.98559327
710,30,8062.7,6954.666667,9208.6,19418.16667,15905.16667,23125.4,1351.9,1298.866667,1409.566667,967.5666667,849.6,1072.766667,24.06666667,21,26.96666667,28.86666667,25.83333333,31.76666667,217.3666667,193.7333333,238.6666667,-5.123247056,-6.713295509,-3.44395708,-14.68750224,-18.41991932,-10.93057771,30.87188231,22.74827218,38.63016965
720,30,10474.73333,8859.2,12060.56667,25912.73333,21510.7,30085.06667,1239.333333,1184.7,1293.666667,769.4,655.4,888.1,29.8,26.8,32.96666667,29.16666667,26.06666667,32.43333333,236.6666667,217.8666667,253.5333333,-8.42730889,-9.932300772,-6.939039435,-22.2655409,-26.2001035,-18.4297612,13.73991058,4.894113121,22.82760157
730,30,13593.8,11959,15192.43333,33676.66667,28996.9,38374.46667,1143.7,1091.366667,1197.866667,569.2,474.0666667,672.3666667,31.5,29.1,34.2,26.26666667,22.03333333,30.76666667,231.5,206.3333333,255.6333333,-7.560925704,-9.661639938,-5.379039064,-27.25799589,-30.43859506,-23.63435037,-0.506459111,-9.790345243,8.354812435
740,30,16398.63333,14693,17974.8,41139.96667,37423.36667,44634.06667,1088.333333,1037.833333,1143.5,412.7333333,343.6,481.6,29.03333333,26.23333333,31.9,21.76666667,17.36666667,26.26666667,195.5666667,165.1666667,224.6,-4.399999379,-7.852012597,-1.121417439,-24.18330294,-29.2618855,-18.51830273,-17.57053478,-25.89033475,-9.357049669
750,30,17378.26667,15694.23333,18884.96667,46628.63333,44125.73333,48803,1080.233333,1026.366667,1137.6,314.7333333,275.4333333,355.8,24.43333333,21.1,27.66666667,14.3,10.66666667,18.33333333,145,116.3333333,174.6666667,-0.37581651,-4.433726325,3.664266605,-17.77892363,-25.10089462,-10.28882592,-28.45871847,-34.17221025,-22.71824536
760,30,16914.63333,14869.33333,18963.73333,49488.6,47949.03333,50857.13333,1146.666667,1075.666667,1223,283.2333333,255.7666667,312.1,18.96666667,15.43333333,22.8,9.733333333,7.5,12.13333333,92.96666667,71.4,117.2666667,6.009762527,2.031218154,9.339109075,-6.129414143,-13.19071825,1.165180666,-34.40832311,-39.32263843,-29.34995453
770,30,14393.56667,12059.06667,16679.1,49871.2,48380.1,51164.23333,1265.866667,1185.633333,1338.366667,309.2,274.0333333,346.4666667,11.86666667,10.03333333,13.76666667,5.1,4,6.366666667,58.1,47.86666667,70,10.84435421,7.998518999,13.82722162,9.517528718,2.605059005,15.39301613,-31.47533111,-38.23767248,-24.30761846
780,30,10713.06667,8478.966667,12798.46667,48112.6,46420.93333,49767.96667,1393.633333,1328.633333,1455.3,367.8,328.9,411.8666667,8.933333333,7.3,10.9,4.533333333,3.666666667,5.366666667,42.66666667,35.73333333,48.93333333,11.04678892,8.327996826,13.70687939,18.69459199,14.95863968,22.16289205,-20.84054061,-28.53007999,-13.77216847
790,30,7481.433333,6018.133333,9090.133333,45061.7,42899.36667,46840.76667,1500.966667,1447.733333,1545.7,459.6333333,403.9,512.2,8.1,6.733333333,9.533333333,3.7,2.766666667,5,38.93333333,32.83333333,46.2,8.513802938,6.017857733,10.74464173,25.15231848,21.43422399,28.49748874,-8.001179723,-15.25889475,-1.209190555
800,30,5315.733333,4455,6379.066667,40813.76667,38295.36667,43412.4,1555.133333,1531.7,1577.5,575.5,515.9333333,636.1666667,7.5,6.266666667,8.966666667,4.4,3.066666667,5.766666667,40.76666667,32.63333333,50.83333333,4.248164164,1.594822479,7.094110077,26.8352288,23.69952256,29.43841387,1.932688346,-6.033515206,9.836768506
810,30,4232,3901.366667,4618.833333,35464.13333,32792.36667,38015.73333,1581.9,1559.366667,1599.366667,714.9333333,647.1666667,781.5666667,7.566666667,5.666666667,9.733333333,5.533333333,4.033333333,7.066666667,46.4,35.26666667,58.93333333,1.819187973,0.573840436,3.228537588,25.9668144,22.37983296,29.06821817,10.56701244,3.469607956,17.60703123
820,30,4075.6,3733.7,4445.166667,29670.6,27072.76667,32343.06667,1578.166667,1555.633333,1596.133333,864.7,793,930.0333333,7.633333333,5.866666667,9.6,7.666666667,5.833333333,9.7,57.9,44.9,74.76666667,-0.209917856,-1.048731489,0.57382238,22.64202143,18.58924161,26.30834239,22.58204145,15.4431524,29.6074489
830,30,4101.266667,3721.066667,4552.5,23985.26667,21493.4,26734.9,1559.266667,1527.433333,1585.4,1003.533333,933.2666667,1065.566667,10.3,7.8,12.9,10.46666667,7.9,13.13333333,74.06666667,56.5,91.8,-1.240812903,-2.486256336,-0.114047954,17.43902056,13.05748835,21.86608927,30.76605989,25.14058207,37.35006503
840,30,4674.8,4048.066667,5408.5,19490.06667,17082.03333,21936.6,1528.633333,1493.166667,1559.733333,1101.9,1022.433333,1182.066667,12.3,9.733333333,14.86666667,14.2,11.13333333,17.36666667,96.2,73.9,117,-1.98046416,-2.878103422,-1.154463308,10.1763254,5.23668533,14.86047018,35.22187142,28.64350487,41.86866928
850,30,5233,4483.2,6110.833333,17270.9,14288.93333,20334.93333,1493.8,1447.566667,1539.566667,1125.566667,1027.566667,1219.3,15.36666667,12.36666667,18.56666667,17.36666667,14.8,20.3,126.8666667,105.3333333,147.6666667,-2.391147943,-3.838760298,-1.046445671,1.760305313,-3.341504542,6.321499188,40.57094842,32.63142556,47.93611213
860,30,6481.866667,5397.166667,7692.633333,17608.93333,14030.3,21612.53333,1418.633333,1367.7,1464.266667,1071.233333,950.0333333,1185.433333,20,16.7,23.36666667,22.83333333,19.76666667,26.03333333,160.1666667,138.2666667,183.4666667,-5.084461116,-5.956402346,-4.024528597,-6.144805177,-9.932202062,-2.192640619,34.0756902,24.90954102,41.53273312
870,30,8185.333333,6845.766667,9692.933333,20767.23333,16316.13333,25123.16667,1344.7,1292.166667,1398.866667,957.0333333,827.4333333,1079.666667,22.23333333,18.96666667,25.23333333,25.86666667,22.96666667,28.73333333,192.4333333,171.3,211.7666667,-5.230266308,-6.850301091,-3.752577868,-11.99255198,-15.97921038,-7.777129216,28.07587732,17.97642929,37.1476237
880,30,10056.26667,8559.733333,11664.33333,25700.03333,21162.93333,30382.6,1278.4,1223.7,1326.2,794.2333333,672.8,913.0666667,26.13333333,23.53333333,28.5,29.3,25.76666667,33.03333333,218.8333333,197.2,238.0666667,-4.837206437,-6.4385136,-3.138029313,-18.24895186,-22.43185257,-14.4792286,17.54275515,8.277446651,26.3284229
890,30,12144.33333,10713.03333,13725.8,32230.26667,27462.43333,36316.23333,1197.7,1144.333333,1251.666667,607.1,508.2666667,710.2,30.76666667,27.66666667,33.83333333,27.96666667,23.63333333,32.63333333,224.6666667,198.3333333,252.4,-6.213203767,-8.876659623,-3.405721586,-22.99694745,-27.21452259,-18.34469831,3.670282786,-5.724214143,12.86449359
900,30,14508.9,12806.8,16219.73333,39514.9,35894.13333,43006.4,1122.766667,1074.666667,1174.7,450.1333333,378.0666667,521.5666667,27.63333333,24.66666667,31.03333333,22.06666667,18,25.86666667,202.8,171.5666667,234.3,-5.794212541,-8.90540521,-2.418259305,-22.48400894,-27.8931124,-16.36402279,-11.85621511,-20.03662162,-3.672247357
910,30,16516.16667,14850,18167,45181.16667,42330.5,47455.7,1114.833333,1055.3,1175.866667,347.4333333,301.1,396.7,25.26666667,21.7,28.93333333,16.3,12.73333333,20.46666667,155.7333333,124.9,185.4666667,-0.57412676,-4.170944158,3.445215181,-18.05714444,-25.85487005,-10.66321667,-24.33464977,-30.5216629,-16.62581275
920,30,16315.13333,14071.76667,18321.83333,48243.46667,46387.66667,49929.7,1152.633333,1071.633333,1238.3,312.7333333,273.6333333,353.7333333,18.96666667,15.23333333,22.6,9.666666667,7.2,12.56666667,104.4666667,81.73333333,127.1666667,3.259594511,-0.176779033,6.546571669,-6.847758274,-14.1409407,1.315605622,-31.51202154,-36.75027366,-25.46484453
930,30,14546.96667,12116.46667,16982.16667,48727.96667,46897.2,50263.3,1249.5,1161.933333,1332.2,332,286.1333333,383.5666667,14.13333333,11.83333333,17.03333333,5.7,4.033333333,7.5,68.33333333,54.16666667,83.86666667,8.843921538,5.964199612,11.71716106,6.78695704,-0.290265763,13.46051402,-30.08605698,-37.22951169,-22.89186527
940,30,11330.4,8919.966667,13484.73333,47216.06667,44915.8,49285.93333,1371.466667,1299.7,1433.666667,393.0666667,338.1333333,455.7666667,10.23333333,8.533333333,12.1,4.833333333,3.9,5.933333333,48.5,40.16666667,57.6,10.82947666,7.700739821,13.85379243,17.8672301,12.85176653,22.46451965,-23.04466889,-31.16093963,-15.97219068
950,30,8044.966667,6583.266667,9673.2,44036.06667,41406.06667,46777.46667,1474.866667,1422.8,1521.3,480.1,413.6,549.9,8.566666667,7.133333333,10.06666667,5.066666667,3.9,6.466666667,43.76666667,35.8,52.03333333,8.33458239,5.90090535,10.74902829,22.97381174,19.96149937,25.75160712,-7.519129865,-16.38404547,1.219086147
960,30,5725.666667,4885.966667,6766.866667,40109.96667,37075.06667,43059.03333,1542.233333,1509.5,1568.166667,589.3,511,671.3,8.366666667,6.666666667,10.43333333,5.566666667,4.033333333,7.133333333,45.56666667,36.6,55.5,5.070114791,2.816339128,7.253584168,24.3709045,21.54338618,26.95266883,2.358945964,-4.803744998,9.488844377
970,30,4652.333333,4131.466667,5249.566667,35202.1,31812.3,38269.43333,1566.266667,1539.233333,1587.733333,714.3666667,638.3666667,794.3333333,8.133333333,6.533333333,9.766666667,6.4,4.466666667,8.533333333,52.06666667,41.26666667,65.73333333,1.748374264,-0.059238494,3.626746235,23.84077625,19.99597668,27.58730844,11.93090591,5.082171327,18.55735507
980,30,4378.866667,3969.966667,4817.4,29950.7,26729.56667,33081.7,1555.633333,1525.666667,1579.666667,848.4666667,768.6333333,925.2,10.1,8,12.36666667,8.466666667,6.033333333,11.23333333,66.6,51.76666667,82.9,-0.653354935,-1.91810218,0.530809693,21.31835251,17.34187443,25.00075473,25.03222678,19.60393821,30.03482604
990,30,4614.7,4101.666667,5256.033333,25027.13333,22140.03333,27710.03333,1534.966667,1500.4,1565.1,960.1333333,884.7,1029,10.76666667,8.666666667,13.16666667,12.53333333,9.566666667,15.8,83.26666667,64.8,102.9,-1.344731761,-2.300857781,-0.43364788,15.29955929,10.10702634,20.12087672,26.69460452,19.84176668,32.87961567
1000,30,5009.566667,4307.733333,5776.6,21374.53333,18793.93333,23950.4,1510.766667,1470.066667,1546.566667,1041.266667,969.1333333,1113.533333,14.5,11.7,17.63333333,14.53333333,11.36666667,17.86666667,109.6666667,88.43333333,133.9,-1.653854269,-2.653880317,-0.67318834,9.58318044,4.040586991,14.8191313,37.9903825,31.34301538,44.80157665
